ACCES - FEP;Education permanente;
Action communautaire;Arts et sciences;Ecole de travail social
Actuariat;Arts et sciences;Mathematiques et statistique
Actuariat;Arts et sciences;Mathematiques et statistique
Administration de l education;Sciences de l education;Admin. et fondements de l educ
Administration de l education;Sciences de l education;Admin. et fondements de l educ
Administration de l education;Sciences de l education;Admin. et fondements de l educ
Administration de l education;Sciences de l education;Admin. et fondements de l educ
Administration de l education;Sciences de l education;Admin. et fondements de l educ
Administration de l education;Sciences de l education;Admin. et fondements de l educ
Administration de l education (D.Ed.);Sciences de l education;Admin. et fondements de l educ
Administration des services de sante;Ecole de sante publique;Gestion /eval./pol. de sante
Administration des services de sante;Ecole de sante publique;Gestion /eval./pol. de sante
Administration des services de sante;Ecole de sante publique;Gestion /eval./pol. de sante
Administration des services de sante;Ecole de sante publique;Gestion /eval./pol. de sante
Administration des services de sante, option Gestion des services infirmiers;Ecole de sante publique;Faculte des sciences infirmieres,Gestion /eval./pol. de sante
Administration des services de sante, option administration sociale;Ecole de sante publique;Faculte des arts et des sciences,Gestion /eval./pol. de sante
Administration des systemes d education et de formation;Sciences de l education;Admin. et fondements de l educ
Administration des systemes d education et de formation;Sciences de l education;Admin. et fondements de l educ
Administration des systemes informatiques;Arts et sciences;Informatique et rech. oper.
Administration sociale;Arts et sciences;
Administration sociale;Arts et sciences;
Affaires publiques et internationales;Arts et sciences;Science politique
Amenagement;Amenagement;
Amenagement;Amenagement;
Amenagement;Amenagement;
Amenagement, option Design Urbain;Amenagement;Design
Amenagement, option Design et complexite;Amenagement;
Amenagement, option Ville, territoire, paysage;Amenagement;Urbanisme/architecture paysage
Amenagement, option conservation du patrimoine bati;Amenagement;
Amenagement, option design, creation et innovation;Amenagement;
Amenagement, option montage et gestion de projets d amenagement;Amenagement;
Amenagement, option theories en design;Amenagement;
Analyse d’affaires et technologies de l’information (TI);Universite de Montreal;
Analyse des megadonnees en sante;Medecine;Faculte des arts et des sciences,Direction (Sante publique)
Analyse des megadonnees en sciences humaines et sociales;Arts et sciences;Direction Arts et sciences
Analyse et evaluation des interventions en sante;Ecole de sante publique;Gestion /eval./pol. de sante
Analyse et evaluation des services, organisations et systemes de sante;Ecole de sante publique;Administration de la sante
Analyse et strategie internationale;Arts et sciences;
Analyses environnementales et industrielles;Arts et sciences;Chimie
Andragogie;Sciences de l education;Psychopedagogie et andragogie
Andragogie;Sciences de l education;Psychopedagogie et andragogie
Annee preparatoire;Arts et sciences;SAFIRE
Annee preparatoire - Musique;Musique;
Anthropologie;Arts et sciences;Anthropologie
Anthropologie;Arts et sciences;Anthropologie
Anthropologie;Arts et sciences;Anthropologie
Anthropologie;Arts et sciences;Anthropologie
Anthropologie;Arts et sciences;Anthropologie
Anthropologie;Arts et sciences;Anthropologie
Anthropologie;Arts et sciences;Anthropologie
Archeologie classique;Arts et sciences;Centre d etudes classiques
Architecture;Amenagement;Architecture
Architecture;Amenagement;Architecture
Architecture;Amenagement;
Architecture de paysage;Amenagement;Architecture de paysage
Architecture de paysage;Amenagement;Architecture de paysage
Archivistique;Arts et sciences;Bibliotheconomie
Arts et lettres;Arts et sciences;
Arts et sciences;Arts et sciences;SAFIRE
Arts, creation et technologies;Arts et sciences;
Audiologie;Medecine;Orthophonie et audiologie
Audiologie;Medecine;Orthophonie et audiologie
Audiologie;Medecine;Orthophonie et audiologie
Baccalaureat 120 credits : annee de transition;Arts et sciences;
Baccalaureat par cumul;Universite de Montreal;
Baccalaureats 4 ans UdeM;Arts et sciences;
Baccalaureats par cumul en gestion;Universite de Montreal;
Bio-informatique;Arts et sciences;Informatique et rech. oper.
Bio-informatique;Arts et sciences;
Bio-informatique;Medecine;Biochimie/medecine moleculaire
Bio-informatique;Medecine;Biochimie/medecine moleculaire
Biochimie;Medecine;Biochimie/medecine moleculaire
Biochimie;Medecine;Biochimie/medecine moleculaire
Biochimie clinique ;Medecine;Biochimie/medecine moleculaire
Biochimie et medecine moleculaire;Medecine;Biochimie
Bioethique;Ecole de sante publique;
Bioethique;Ecole de sante publique;
Bioethique;Ecole de sante publique;Medecine sociale et preventive
Bioethique;Ecole de sante publique;Medecine sociale et preventive
Bioethique;Ecole de sante publique;Medecine sociale et preventive
Bioethique;Ecole de sante publique;Medecine sociale et preventive
Biologie (Sciences);Arts et sciences;Sciences biologiques
Biologie (Sciences);Arts et sciences;Sciences biologiques
Biologie (Sciences);Arts et sciences;Sciences biologiques
Biologie (Sciences);Arts et sciences;Sciences biologiques
Biologie (Sciences);Arts et sciences;Sciences biologiques
Biologie moleculaire;Medecine;
Biologie moleculaire;Medecine;
Biophysique et physiologie moleculaire;Arts et sciences;Physique
Biostatistique;Arts et sciences;Medecine sociale et preventive
Bureautique;Education permanente;Faculte des arts et des sciences
Chimie;Arts et sciences;Chimie
Chimie;Arts et sciences;Chimie
Chimie;Arts et sciences;Chimie
Chimie;Arts et sciences;Chimie
Chimie;Arts et sciences;Chimie
Cinema;Arts et sciences;Histoire de l art
Cinema;Arts et sciences;Histoire de l art
Communication (Sciences);Arts et sciences;Communication
Communication (Sciences);Arts et sciences;Communication
Communication (Sciences);Arts et sciences;Communication
Communication (Sciences);Arts et sciences;Communication
Communication (Sciences);Arts et sciences;Communication
Communication appliquee;Education permanente;
Communication dans les organisations en changement;Arts et sciences;Communication
Communication et Politique;Arts et sciences;Science politique
Communication mediatique;Arts et sciences;Communication
Communication organisationnelle;Arts et sciences;Communication
Communication organisationnelle;Arts et sciences;Communication
Communication politique;Arts et sciences;Communication
Communication politique;Arts et sciences;
Competences professionnelles;Arts et sciences;
Complements de formation;Arts et sciences;SAFIRE
Composition et arrangement jazz;Musique;
Composition et arrangement jazz;Musique;
Conseil genetique;Medecine;
Cooperation et solidarite internationales;Education permanente;
Cooperation internationale;Education permanente;
Creativite et innovation;Education permanente;
Creativite, innovation et entrepreneuriat;Universite de Montreal;
Criminalistique et information;Arts et sciences;Criminologie
Criminologie;Arts et sciences;Criminologie
Criminologie;Arts et sciences;Criminologie
Criminologie;Arts et sciences;Criminologie
Criminologie;Education permanente;
Criminologie;Arts et sciences;Criminologie
Criminologie;Arts et sciences;Criminologie
Criminologie - Analyse criminologique;Arts et sciences;
Criminologie - Analyse criminologique;Arts et sciences;Criminologie
Criminologie - Campus Laval;Arts et sciences;Criminologie
Criminologie - Intervention criminologique;Arts et sciences;Criminologie
Cultures visuelles;Arts et sciences;
Cultures, societes et religions;Arts et sciences;
Demographie;Arts et sciences;Demographie
Demographie;Arts et sciences;Demographie
Demographie;Arts et sciences;Demographie
Demographie;Arts et sciences;Demographie
Demographie;Arts et sciences;Demographie
Demographie et Anthropologie;Arts et sciences;Demographie,Anthropologie
Demographie et Geographie;Arts et sciences;Demographie,Geographie
Demographie et Statistique;Arts et sciences;Demographie,Mathematiques et statistique
Design : orientation design d interieur;Amenagement;Design
Design : orientation design industriel;Amenagement;Design
Design d interieur;Amenagement;Design
Design d interieur;Amenagement;Design
Design de jeux;Amenagement;Design
Design des jardins;Amenagement;Architecture de paysage
Design industriel;Amenagement;Design
Design urbain;Amenagement;Design
Developpement du medicament;Pharmacie;
Developpement du medicament;Pharmacie;
Didactique;Sciences de l education;Didactique
Didactique;Sciences de l education;Didactique
Didactique;Sciences de l education;Didactique
Didactique;Sciences de l education;Didactique
Didactique;Sciences de l education;Didactique
Didactique et integration des matieres;Sciences de l education;Didactique
Direction et leadership;Universite de Montreal;
Droit;Droit;
Droit;Education permanente;
Droit;Education permanente;
Droit;Education permanente;
Droit;Droit;
Droit;Droit;
Droit - Fiscalite;Droit;
Droit - common law nord-americaine;Droit;
Droit - common law nord-americaine;Droit;
Droit des affaires;Droit;
Droit des affaires;Droit;
Droit des technologies de l information;Droit;
Droit des technologies de l information;Droit;
Droit et travail;Droit;Relations industrielles
Droit international;Droit;
Droit international;Droit;
Droit international - avec memoire;Droit;
Droit international - avec travail dirige;Droit;
Droit notarial;Droit;
Droit notarial;Droit;
Droit, option common law comparee;Droit;
Droit, option droit des affaires;Droit;
Droit, option droit des affaires – avec memoire;Droit;
Droit, option droit des affaires dans un contexte de globalisation;Droit;
Droit, option droit prive compare;Droit;
Ecodesign strategique;Amenagement;Direction Polytechnique
Economie (Sciences);Arts et sciences;Sciences economiques
Economie (Sciences);Arts et sciences;Sciences economiques
Economie (Sciences);Arts et sciences;Sciences economiques
Economie (Sciences);Arts et sciences;Sciences economiques
Economie (Sciences);Arts et sciences;Sciences economiques
Economie et Politique;Arts et sciences;Science politique,Sciences economiques
Ecriture de scenario et creation litteraire;Arts et sciences;Histoire de l art,Litteratures lang. française
Edition numerique;Arts et sciences;
Education comparee et fondements de l education;Sciences de l education;Admin. et fondements de l educ
Education comparee et fondements de l education;Sciences de l education;Admin. et fondements de l educ
Education prescolaire et enseignement primaire - Campus Laval;Sciences de l education;Formation initiale des maitres
Education prescolaire et enseignement primaire - Campus Montreal;Sciences de l education;Formation initiale des maitres
Education, option education prescolaire et enseignement primaire;Sciences de l education;Formation initiale des maitres
Education, option generale;Sciences de l education;
Education, option generale;Sciences de l education;
Education, option orthopedagogie;Sciences de l education;Psychopedagogie et andragogie
Education, option orthopedagogie;Sciences de l education;Psychopedagogie et andragogie
Education, option pedagogie universitaire des sciences de la sante;Sciences de l education;Faculte de medecine
Enquete et renseignement;Education permanente;
Enseignement;Sciences de l education;Formation initiale des maitres
Enseignement;Sciences de l education;Formation initiale des maitres
Enseignement au secondaire;Sciences de l education;Formation initiale des maitres
Enseignement de l education physique et a la sante;Sciences de l education;Formation initiale des maitres
Enseignement de l espagnol, langue seconde;Arts et sciences;Litteratures et lang. modernes
Enseignement de l ethique et de la culture religieuse au secondaire;Sciences de l education;Formation initiale des maitres
Enseignement de l histoire au collegial;Arts et sciences;Histoire
Enseignement de l univers social au secondaire;Sciences de l education;Formation initiale des maitres
Enseignement de la philosophie au collegial;Arts et sciences;Philosophie
Enseignement des mathematiques au secondaire;Sciences de l education;Formation initiale des maitres
Enseignement des sciences et des technologies au secondaire;Sciences de l education;Formation initiale des maitres
Enseignement du français au secondaire;Sciences de l education;Formation initiale des maitres
Enseignement du français langue seconde;Sciences de l education;Formation initiale des maitres
Enseignement en adaptation scolaire - Campus Laval;Sciences de l education;Formation initiale des maitres
Enseignement en adaptation scolaire - Campus Montreal;Sciences de l education;Formation initiale des maitres
Environnement et developpement durable;Arts et sciences;Faculte de l amenagement
Environnement et developpement durable (avec memoire);Arts et sciences;
Environnement et developpement durable (avec stage);Arts et sciences;
Environnement, sante et gestion des catastrophes;Ecole de sante publique;Sante env. et sante au travail
Epidemiologie;Ecole de sante publique;Medecine sociale et preventive
Epidemiologie et controle des infections;Ecole de sante publique;Medecine sociale et preventive
Ergotherapie;Medecine;Readaptation
Ergotherapie;Medecine;Readaptation
Ergotherapie;Medecine;Readaptation
Ergotherapie;Medecine;Readaptation
Ergotherapie;Medecine;Readaptation
Ethique clinique;Medecine;Pediatrie
Ethique clinique pediatrique;Medecine;Pediatrie
Ethique et droit;Arts et sciences;Philosophie
Etudes allemandes;Arts et sciences;Litteratures/langues du monde
Etudes allemandes;Arts et sciences;Litteratures/langues du monde
Etudes allemandes;Arts et sciences;Litteratures/langues du monde
Etudes allemandes;Arts et sciences;Litteratures/langues du monde
Etudes allemandes;Arts et sciences;Litteratures/langues du monde
Etudes allemandes dans le contexte europeen;Arts et sciences;Litteratures et lang. modernes
Etudes allemandes et Histoire;Arts et sciences;Litteratures et lang. modernes,Histoire
Etudes anglaises;Arts et sciences;Litteratures/langues du monde
Etudes anglaises;Arts et sciences;Litteratures/langues du monde
Etudes anglaises;Arts et sciences;Litteratures/langues du monde
Etudes anglaises;Arts et sciences;Litteratures/langues du monde
Etudes anglaises;Arts et sciences;Litteratures/langues du monde
Etudes anglaises et Litterature comparee;Arts et sciences;Etudes anglaises,Litterature comparee
Etudes arabes;Arts et sciences;Litteratures/langues du monde
Etudes asiatiques;Arts et sciences;Etudes Asie de l est
Etudes autochtones;Arts et sciences;
Etudes autochtones;Arts et sciences;Anthropologie
Etudes catalanes;Arts et sciences;Litteratures/langues du monde
Etudes cinematographiques;Arts et sciences;Histoire de l art
Etudes cinematographiques;Arts et sciences;Histoire de l art
Etudes cinematographiques;Arts et sciences;Histoire de l art
Etudes cinematographiques;Arts et sciences;Histoire de l art
Etudes cinematographiques et Litterature comparee;Arts et sciences;Histoire de l art,Litterature comparee
Etudes classiques;Arts et sciences;Centre d etudes classiques
Etudes classiques;Arts et sciences;Centre d etudes classiques
Etudes classiques;Arts et sciences;Centre d etudes classiques
Etudes classiques;Arts et sciences;Centre d etudes classiques
Etudes classiques et Anthropologie;Arts et sciences;Centre d etudes classiques,Anthropologie
Etudes du jeu video;Arts et sciences;Histoire de l art
Etudes du jeu video (Cinema);Arts et sciences;
Etudes du phenomene criminel;Arts et sciences;
Etudes est-asiatiques;Arts et sciences;Etudes Asie de l est
Etudes est-asiatiques;Arts et sciences;Etudes Asie de l est
Etudes europeennes;Arts et sciences;
Etudes feministes, des genres et des sexualites;Arts et sciences;
Etudes feministes, des genres et des sexualites;Arts et sciences;
Etudes hispaniques;Arts et sciences;Litteratures/langues du monde
Etudes hispaniques;Arts et sciences;Litteratures/langues du monde
Etudes hispaniques;Arts et sciences;Litteratures/langues du monde
Etudes hispaniques;Arts et sciences;Litteratures/langues du monde
Etudes hispaniques;Arts et sciences;Litterature comparee
Etudes individualisees;Et. superieures et postdoct;Faculte des arts et des sciences,Faculte de l amenagement
Etudes individualisees (es arts);Education permanente;
Etudes individualisees (es sciences);Education permanente;
Etudes individualisees - M.A.;Et. superieures et postdoct;
Etudes individualisees - M.Sc.;Arts et sciences;Faculte de medecine,Etudes superieures et postdoctorales
Etudes individualisees – M.Sc.A.;Amenagement;Etudes superieures et postdoctorales
Etudes internationales;Arts et sciences;Science politique
Etudes internationales;Arts et sciences;
Etudes internationales;Arts et sciences;
Etudes internationales;Arts et sciences;
Etudes italiennes;Arts et sciences;Litteratures/langues du monde
Etudes italiennes;Arts et sciences;Litteratures/langues du monde
Etudes juives;Arts et sciences;
Etudes latino-americaines;Arts et sciences;Litteratures/langues du monde
Etudes libres - 1<sup>er</sup> cycle;Universite de Montreal;
Etudes libres - 2<sup>e</sup> cycle;Universite de Montreal;
Etudes libres - 3<sup>e</sup> cycle;Universite de Montreal;
Etudes libres - hors Quebec;Universite de Montreal;
Etudes libres - hors Quebec;Universite de Montreal;
Etudes libres - langue seconde;Universite de Montreal;
Etudes lusophones;Arts et sciences;Litteratures/langues du monde
Etudes medievales;Arts et sciences;Et. classiques et medievales
Etudes medievales;Arts et sciences;Et. classiques et medievales
Etudes neo-helleniques;Arts et sciences;Litteratures/langues du monde
Etudes quebecoises;Arts et sciences;Litteratures lang. française
Etudes religieuses;Arts et sciences;Institut d etudes religieuses
Etudes religieuses;Arts et sciences;Institut d etudes religieuses
Etudes religieuses;Arts et sciences;Institut d etudes religieuses
Evaluation des competences;Sciences de l education;Admin. et fondements de l educ
Evaluation des competences;Sciences de l education;Admin. et fondements de l educ
Evaluation des competences;Sciences de l education;Admin. et fondements de l educ
Evaluation des technologies de la sante;Ecole de sante publique;Gestion /eval./pol. de sante
Evaluation des technologies de la sante;Ecole de sante publique;Gestion /eval./pol. de sante
Evaluation des technologies de la sante;Ecole de sante publique;Gestion /eval./pol. de sante
Exploration de technologies informatiques;Arts et sciences;Informatique et rech. oper.
Exploration en sciences humaines et sociales;Arts et sciences;
Finance;Universite de Montreal;
Finance mathematique et computationnelle ;Arts et sciences;Mathematiques et statistique,Sciences economiques
Finance mathematique et computationnelle ;Arts et sciences;Mathematiques et statistique,Sciences economiques
Fondements et pratiques en sciences sociales et sante;Universite de Montreal;Faculte des arts et des sciences,Faculte de l education permanente
Formation a l enseignement postsecondaire;Sciences de l education;Psychopedagogie et andragogie
Formation preparatoire en relations industrielles;Arts et sciences;Relations industrielles
Français langue seconde: culture, etudes et travail;Education permanente;
Genetique medicale;Medecine;Pediatrie
Genetique moleculaire;Medecine;
Genie biomedical ;Medecine;Pharmacologie et physiologie
Genie biomedical ;Medecine;Pharmacologie et physiologie
Genie biomedical ;Medecine;Pharmacologie et physiologie
Genomique humaine;Medecine;
Geographie;Arts et sciences;Geographie
Geographie;Arts et sciences;Geographie
Geographie;Arts et sciences;Geographie
Geographie;Arts et sciences;Geographie
Geographie appliquee en environnement;Arts et sciences;Geographie
Geographie environnementale;Arts et sciences;Geographie
Geographie et etudes environnementales;Arts et sciences;Geographie
Geomatique et analyse spatiale;Arts et sciences;Geographie
Geomatique et cartographie dynamique;Arts et sciences;Geographie
Gerontologie;Education permanente;
Gestion appliquee a la police et a la securite;Education permanente;
Gestion de l information numerique;Arts et sciences;Bibliotheconomie
Gestion de la douleur chronique;Medecine;
Gestion de la qualite de vie au travail;Education permanente;
Gestion de la qualite et de la securite des patients;Ecole de sante publique;Gestion /eval./pol. de sante
Gestion de la qualite et de la securite des patients;Ecole de sante publique;Gestion /eval./pol. de sante
Gestion de projets;Universite de Montreal;
Gestion des operations et de la logistique;Universite de Montreal;
Gestion des services de sante et des services sociaux;Education permanente;Faculte de medecine
Gestion des services de sante et des services sociaux;Education permanente;Faculte de medecine
Gestion du changement en education;Sciences de l education;Admin. et fondements de l educ
Gestion du changement et responsabilite populationnelle;Ecole de sante publique;Administration de la sante
Gestion du systeme de sante;Ecole de sante publique;Gestion /eval./pol. de sante
Gestion en pharmacie d’officine;Pharmacie;
Gestion et securite des systemes d’information;Universite de Montreal;
Gestion internationale;Universite de Montreal;
Gestion philanthropique;Education permanente;
Gestion urbaine pour les pays en developpement;Amenagement;Urbanisme
Histoire;Arts et sciences;Histoire
Histoire;Arts et sciences;Histoire
Histoire;Arts et sciences;Histoire
Histoire;Arts et sciences;Histoire
Histoire;Arts et sciences;Histoire
Histoire ancienne;Arts et sciences;Centre d etudes classiques
Histoire de l art;Arts et sciences;Histoire de l art
Histoire de l art;Arts et sciences;Histoire de l art
Histoire de l art;Arts et sciences;Histoire de l art
Histoire de l art;Arts et sciences;Histoire de l art
Histoire de l art;Arts et sciences;Histoire de l art
Histoire et Etudes classiques;Arts et sciences;Centre d etudes classiques,Histoire
Hygiene du travail;Ecole de sante publique;Sante env. et sante au travail
Informatique;Arts et sciences;Informatique et rech. oper.
Informatique;Arts et sciences;Informatique et rech. oper.
Informatique;Arts et sciences;Informatique et rech. oper.
Informatique;Arts et sciences;Informatique et rech. oper.
Informatique;Arts et sciences;Informatique et rech. oper.
Informatique;Arts et sciences;Informatique et rech. oper.
Informatique appliquee;Arts et sciences;Informatique et rech. oper.
Initiation a la programmation;Education permanente;Faculte des arts et des sciences
Initiation au multimedia;Education permanente;Faculte des arts et des sciences
Insertion professionnelle en enseignement;Sciences de l education;Psychopedagogie et andragogie
Integration pedagogique du numerique;Sciences de l education;Psychopedagogie et andragogie
Integration pedagogique du numerique;Sciences de l education;Psychopedagogie et andragogie
Internat de perfectionnement en sciences appliquees veterinaires;Medecine veterinaire;Sciences cliniques
Internat de perfectionnement en sciences appliquees veterinaires – disciplinaire;Medecine veterinaire;Sciences cliniques
Intervention aupres des jeunes : fondements et pratiques;Education permanente;
Intervention educative;Sciences de l education;Psychopedagogie et andragogie
Intervention educative;Sciences de l education;Psychopedagogie et andragogie
Intervention en deficience intellectuelle et en troubles du spectre de l autisme;Education permanente;
Intervention en dependances;Education permanente;
Intervention psychoeducative;Education permanente;
Intervention psychoeducative - Campus Laval;Arts et sciences;
Jazz et musiques du monde;Musique;
Jeu video;Arts et sciences;Histoire de l art
Journalisme;Education permanente;
Journalisme;Arts et sciences;Faculte de droit,Faculte de l education permanente
Justice et victimes;Arts et sciences;Criminologie
Justice et victimes;Arts et sciences;Criminologie
Kinesiologie;Medecine;Kinesiologie /sc.act.physique
Kinesiologie;Medecine;Kinesiologie /sc.act.physique
Kinesiologie;Medecine;Kinesiologie /sc.act.physique
Kinesiologie;Medecine;Kinesiologie /sc.act.physique
Kinesiologie - Sciences de l activite physique;Medecine;Kinesiologie /sc.act.physique
Kinesiologie - Sciences de l activite physique;Medecine;Kinesiologie /sc.act.physique
Langue espagnole et cultures hispaniques;Arts et sciences;
Langue et culture allemandes;Arts et sciences;
Langue et culture anglaises;Arts et sciences;
Langue et culture arabes;Arts et sciences;
Langue et culture catalanes;Arts et sciences;
Langue et culture chinoises;Arts et sciences;Etudes Asie de l est
Langue et culture coreennes;Arts et sciences;Etudes Asie de l est
Langue et culture de la Grece moderne;Arts et sciences;
Langue et culture grecques;Arts et sciences;Centre d etudes classiques
Langue et culture hispaniques;Arts et sciences;Direction Arts et sciences
Langue et culture innues;Arts et sciences;
Langue et culture italiennes;Arts et sciences;
Langue et culture japonaises;Arts et sciences;Etudes Asie de l est
Langue et culture latines;Arts et sciences;Centre d etudes classiques
Langue et culture neo-helleniques;Arts et sciences;Direction Arts et sciences
Langue et culture russes;Arts et sciences;Direction Arts et sciences
Langue portugaise et cultures lusophones;Arts et sciences;
Langues modernes;Arts et sciences;Litteratures et lang. modernes
Leadership applique a la sante;Ecole de sante publique;
Leadership et gestion des etablissements scolaires;Sciences de l education;Admin. et fondements de l educ
Leadership et gestion des etablissements scolaires;Sciences de l education;Admin. et fondements de l educ
Leadership pour militaires;Education permanente;Faculte de l education permanente
Lettres et sciences humaines;Arts et sciences;Litteratures lang. française
Linguistique;Arts et sciences;Linguistique et traduction
Linguistique;Arts et sciences;Linguistique et traduction
Linguistique;Arts et sciences;Linguistique et traduction
Linguistique;Arts et sciences;Linguistique et traduction
Linguistique;Arts et sciences;Linguistique et traduction
Linguistique et Psychologie;Arts et sciences;Linguistique et traduction,Psychologie
Litterature;Arts et sciences;Litteratures/langues du monde
Litterature comparee;Arts et sciences;Litteratures/langues du monde
Litterature comparee;Arts et sciences;Litteratures/langues du monde
Litterature comparee;Arts et sciences;Litteratures/langues du monde
Litterature comparee;Arts et sciences;Litteratures/langues du monde
Litterature comparee et Philosophie;Arts et sciences;Litterature comparee,Philosophie
Litteratures de langue française;Arts et sciences;Litteratures lang. française
Litteratures de langue française;Arts et sciences;Litteratures lang. française
Litteratures de langue française;Arts et sciences;Litteratures lang. française
Litteratures de langue française;Arts et sciences;Litteratures lang. française
Litteratures de langue française;Arts et sciences;Litteratures lang. française
Litteratures de langue française et Linguistique;Arts et sciences;Litteratures lang. française,Linguistique et traduction
Litteratures de langue française et Philosophie;Arts et sciences;Litteratures lang. française,Philosophie
Litteratures de langues anglaise et française;Arts et sciences;Litteratures/langues du monde
Marketing;Universite de Montreal;
Mathematiques;Arts et sciences;Mathematiques et statistique
Mathematiques;Arts et sciences;Mathematiques et statistique
Mathematiques;Arts et sciences;Mathematiques et statistique
Mathematiques;Arts et sciences;Mathematiques et statistique
Mathematiques;Arts et sciences;Mathematiques et statistique
Mathematiques et Economie;Arts et sciences;Sciences economiques,Mathematiques et statistique
Mathematiques et Informatique;Arts et sciences;Informatique et rech. oper.,Mathematiques et statistique
Mathematiques et Physique;Arts et sciences;Mathematiques et statistique,Physique
Mathematiques et Statistique;Arts et sciences;Mathematiques et statistique
Medecine;Medecine;
Medecine;Medecine;
Medecine - Echocardiographie transoesophagienne peri-operatoire (ETO);Medecine;Anesthesio./med. de la douleur
Medecine cellulaire et moleculaire;Medecine;
Medecine d assurance et d expertise medicolegale (anglais);Medecine;
Medecine d assurance et d expertise medicolegale (anglais);Medecine;
Medecine d assurance et expertise en sciences de la sante;Medecine;
Medecine d assurance et expertise en sciences de la sante;Medecine;
Medecine d assurance et expertise en sciences de la sante - Formation generale;Medecine;
Medecine d assurance et expertise medicolegale internationale (anglais);Medecine;
Medecine dentaire;Medecine dentaire;
Medecine dentaire;Medecine dentaire;
Medecine dentaire - Dentisterie pediatrique;Medecine dentaire;Sante buccale
Medecine dentaire - Orthodontie;Medecine dentaire;Sante buccale
Medecine dentaire - Rehabilitation prosthodontique;Medecine dentaire;Dentisterie de restauration
Medecine dentaire - Residence multidisciplinaire;Medecine dentaire;
Medecine dentaire - Sciences buccodentaires;Medecine dentaire;Sante buccale
Medecine dentaire stomatologie - Residence approfondie;Medecine dentaire;
Medecine veterinaire;Medecine veterinaire;
Medecine veterinaire - Animaux de compagnie;Medecine veterinaire;
Medecine veterinaire - Biomedecine veterinaire;Medecine veterinaire;Biomedecine veterinaire
Medecine veterinaire - Diagnostic en laboratoire;Medecine veterinaire;Pathologie et microbiologie
Medecine veterinaire - Interface animal-homme-environnement et sante;Medecine veterinaire;Pathologie et microbiologie
Medecine veterinaire - Internat de perfectionnement en sciences appliquees veterinaires;Medecine veterinaire;Sciences cliniques
Medecine veterinaire - Interventions en sante publique veterinaire;Medecine veterinaire;Pathologie et microbiologie
Medecine veterinaire - Pathologie veterinaire;Medecine veterinaire;Pathologie et microbiologie
Medecine veterinaire - Sciences cliniques veterinaires;Medecine veterinaire;Sciences cliniques
Medecine veterinaire - Sciences cliniques veterinaires;Medecine veterinaire;Sciences cliniques
Medecine veterinaire - Sciences veterinaires;Medecine veterinaire;
Medecine veterinaire - Sciences veterinaires;Medecine veterinaire;
Medecine veterinaire - Sciences veterinaires;Medecine veterinaire;
Media, culture et technologie;Arts et sciences;Communication
Mediation de la musique;Musique;
Mediation de la musique;Musique;
Mesure et evaluation en education;Sciences de l education;Admin. et fondements de l educ
Mesure et evaluation en education;Sciences de l education;Admin. et fondements de l educ
Methodologies d analyse sociologique;Arts et sciences;Sociologie
Microbiologie environnementale;Medecine;
Microbiologie et immunologie;Medecine;Microbio. infectio. et immuno.
Microbiologie et immunologie;Medecine;Microbio. infectio. et immuno.
Microbiologie et immunologie;Medecine;Microbio. infectio. et immuno.
Mobilite, transport et urbanisme;Amenagement;Urbanisme
Montage et gestion de projets d amenagement ;Amenagement;
Multimedia;Arts et sciences;Informatique et rech. oper.
Museologie ;Arts et sciences;
Musique;Musique;
Musique;Musique;
Musique;Musique;
Musique;Musique;
Musique - Arts;Musique;
Musique - Composition instrumentale;Musique;
Musique - Composition mixte;Musique;
Musique - Composition pour l ecran et la scene;Musique;
Musique - Ecriture;Musique;
Musique - Ecriture;Musique;
Musique - Ecriture;Musique;
Musique - Enseignement instrumental;Musique;
Musique - Interpretation;Musique;
Musique - Interpretation;Musique;
Musique - Interpretation chant classique;Musique;
Musique - Interpretation instruments classiques;Musique;
Musique - Interpretation jazz;Musique;
Musique - Musicologie;Musique;
Musique - Repertoire d orchestre;Musique;
Musique - Repertoire d orchestre 2;Musique;
Musique, art et societe;Musique;
Musique, art et societe;Musique;
Musique, option accompagnement au piano;Musique;
Musique, option accompagnement au piano;Musique;
Musique, option accompagnement au piano;Musique;
Musique, option accompagnement au piano;Musique;
Musique, option composition et creation sonore;Musique;
Musique, option composition et creation sonore;Musique;
Musique, option composition pour l’ecran;Musique;
Musique, option direction d’orchestre;Musique;
Musique, option interpretation;Musique;
Musique, option interpretation;Musique;
Musique, option interpretation et composition jazz;Musique;
Musiques - Histoire - Societes;Musique;
Musiques - Histoire - Societes;Musique;
Musiques numeriques;Musique;
Musiques numeriques;Musique;
Musiques numeriques;Musique;
Musiques numeriques;Musique;
Neuropsychologie clinique;Arts et sciences;Psychologie
Neuroscience cognitive;Arts et sciences;Psychologie
Neurosciences;Medecine;Neurosciences
Neurosciences;Medecine;Neurosciences
Neurosciences;Medecine;Neurosciences
Neurosciences;Medecine;Neurosciences
Nutrition;Medecine;Nutrition
Nutrition;Medecine;Nutrition
Nutrition;Medecine;Nutrition
Nutrition;Medecine;Nutrition
Nutrition;Medecine;Nutrition
Nutrition;Medecine;Nutrition
Nutrition;Medecine;Nutrition
Optometrie;Optometrie;Direction Optometrie
Optometrie;Optometrie;
Optometrie;Optometrie;
Optometrie - Basse vision;Optometrie;
Optometrie - Informatique adaptee en deficience visuelle;Optometrie;
Optometrie - Intervention en deficience visuelle - orientation et mobilite;Optometrie;
Optometrie - Intervention en deficience visuelle - readaptation;Optometrie;
Optometrie - Sciences de la vision;Optometrie;
Optometrie - Sciences de la vision;Optometrie;Faculte de medecine,Ophtalmologie
Optometrie - intervention en deficience visuelle;Optometrie;Direction Optometrie
Orthodidactique des mathematiques;Sciences de l education;Didactique
Orthodidactique du français;Sciences de l education;Didactique
Orthopedagogie - Eleves en difficulte d adaptation et de comportement;Sciences de l education;Psychopedagogie et andragogie
Orthopedagogie - Eleves handicapes;Sciences de l education;Psychopedagogie et andragogie
Orthopedagogie - Soutien a l apprentissage;Sciences de l education;Psychopedagogie et andragogie
Orthophonie;Medecine;Orthophonie et audiologie
Orthophonie;Medecine;Orthophonie et audiologie
Orthophonie;Medecine;Orthophonie et audiologie
Pathologie et biologie cellulaire;Medecine;Pathologie et biologie cellul.
Pathologie et biologie cellulaire;Medecine;Pathologie et biologie cellul.
Pathologie moleculaire et medecine personnalisee;Medecine;Pathologie et biologie cellul.
Pedagogie universitaire des sciences de la sante;Sciences de l education;Faculte de medecine
Pedagogie universitaire des sciences medicales;Sciences de l education;Faculte de medecine
Perfusion extracorporelle;Medecine;Chirurgie
Petite enfance et approche interprofessionnelle;Sciences de l education;Readaptation
Petite enfance et approche interprofessionnelle;Sciences de l education;Readaptation
Petite enfance et famille;Education permanente;
Pharmacie;Pharmacie;
Pharmacie;Pharmacie;
Pharmacie;Pharmacie;Direction Pharmacie
Pharmacogenomique;Medecine;Pharmacologie et physiologie
Pharmacologie;Medecine;Pharmacologie et physiologie
Pharmacologie;Medecine;Pharmacologie et physiologie
Pharmacologie;Medecine;Pharmacologie et physiologie
Pharmacologie;Medecine;Pharmacologie et physiologie
Pharmacologie clinique;Medecine;Pharmacologie et physiologie
Pharmacologie clinique;Medecine;Pharmacologie et physiologie
Pharmacotherapie avancee;Pharmacie;
Pharmacotherapie avancee;Pharmacie;
Philosophie;Arts et sciences;Philosophie
Philosophie;Arts et sciences;Philosophie
Philosophie;Arts et sciences;Philosophie
Philosophie;Arts et sciences;Philosophie
Philosophie;Arts et sciences;Philosophie
Philosophie et Etudes classiques;Arts et sciences;Philosophie,Centre d etudes classiques
Physiologie;Medecine;Physiologie
Physiologie;Medecine;Pharmacologie et physiologie
Physiologie;Medecine;Pharmacologie et physiologie
Physiologie moleculaire, cellulaire et integrative;Medecine;Pharmacologie et physiologie
Physiologie moleculaire, cellulaire et integrative;Medecine;Pharmacologie et physiologie
Physiotherapie;Medecine;Readaptation
Physiotherapie;Medecine;Readaptation
Physiotherapie;Medecine;Readaptation
Physiotherapie;Medecine;Readaptation
Physiotherapie - Reeducation perineale et pelvienne;Medecine;Readaptation
Physiotherapie avancee en neuro-musculosquelettique;Medecine;Readaptation
Physiotherapie avancee en neuro-musculosquelettique;Medecine;Readaptation
Physique;Arts et sciences;Physique
Physique;Arts et sciences;Physique
Physique;Arts et sciences;Physique
Physique;Arts et sciences;Physique
Physique;Arts et sciences;Physique
Physique et Informatique;Arts et sciences;Physique,Informatique et rech. oper.
Physique medicale;Arts et sciences;Physique
Planification financiere personnelle;Universite de Montreal;
Pratique avancee: expertise clinique;Sciences infirmieres;
Pratique avancee: expertise clinique intervention;Sciences infirmieres;
Pratique avancee: formation infirmiere;Sciences infirmieres;
Pratique avancee: formation infirmiere intervention;Sciences infirmieres;
Pratique avancee: gestion de proximite;Sciences infirmieres;
Pratique avancee: gestion proximite et intervention;Sciences infirmieres;
Pratique en pharmacie communautaire;Pharmacie;
Pratique pharmaceutique;Pharmacie;
Pratiques de la communication;Arts et sciences;
Pratiques et politiques du pluralisme;Arts et sciences;
Programmation;Arts et sciences;Informatique et rech. oper.
Programmation Internet;Arts et sciences;
Programmation Internet;Arts et sciences;Faculte des arts et des sciences
Programme d accueil en sciences;Arts et sciences;SAFIRE
Psychoeducation;Arts et sciences;Psychoeducation
Psychoeducation;Arts et sciences;Psychoeducation
Psychoeducation;Arts et sciences;Psychoeducation
Psychoeducation;Arts et sciences;Psychoeducation
Psychoeducation;Arts et sciences;Psychoeducation
Psychoeducation;Arts et sciences;Psychoeducation
Psychoeducation;Arts et sciences;Psychoeducation
Psychoeducation;Arts et sciences;Psychoeducation
Psychoeducation - Campus Laval;Arts et sciences;Psychoeducation
Psychoeducation - Campus Laval;Arts et sciences;Psychoeducation
Psychologie;Arts et sciences;Psychologie
Psychologie;Arts et sciences;Psychologie
Psychologie;Arts et sciences;Psychologie
Psychologie;Arts et sciences;Psychologie
Psychologie - Campus Laval;Arts et sciences;Psychologie
Psychologie - Campus Montreal;Arts et sciences;Psychologie
Psychologie - option Neuropsychologie clinique;Arts et sciences;Psychologie
Psychologie - option Psychologie clinique;Arts et sciences;Psychologie
Psychologie - option psychologie du travail et organisations;Arts et sciences;Psychologie
Psychologie - recherche et intervention;Arts et sciences;Psychologie
Psychologie - recherche et intervention - option Neuropsychologie clinique;Arts et sciences;Psychologie
Psychologie - recherche et intervention - option Psychologie clinique;Arts et sciences;Psychologie
Psychologie - recherche et intervention - option Psychologie du travail et des organisations;Arts et sciences;Psychologie
Psychologie et Sociologie;Arts et sciences;Sociologie,Psychologie
Psychopedagogie;Sciences de l education;Psychopedagogie et andragogie
Psychopedagogie;Sciences de l education;Psychopedagogie et andragogie
Publicite;Education permanente;
Publicite et communication creative;Education permanente;
Recherche interdisciplinaire en sante de la reproduction;Ecole de sante publique;Medecine sociale et preventive
Recherche, developpement et evaluation du medicament;Pharmacie;
Recherche, developpement et evaluation du medicament;Pharmacie;
Recits et medias autochtones;Arts et sciences;Litteratures/langues du monde
Redaction;Education permanente;
Redaction professionnelle;Education permanente;
Redaction professionnelle;Education permanente;
Reglementation canadienne et quebecoise de l’immigration;Droit;
Relations ethniques;Arts et sciences;Sociologie
Relations industrielles;Arts et sciences;Relations industrielles
Relations industrielles;Education permanente;
Relations industrielles;Arts et sciences;Relations industrielles
Relations industrielles;Arts et sciences;Relations industrielles
Relations industrielles;Arts et sciences;Relations industrielles
Relations industrielles - Dynamique des relations du travail;Arts et sciences;Relations industrielles
Relations industrielles - Gestion de la diversite dans les organisations;Arts et sciences;Relations industrielles
Relations industrielles - Gestion strategique des ressources humaines;Arts et sciences;Relations industrielles
Relations industrielles - Perspectives internationales;Arts et sciences;Relations industrielles
Relations industrielles - Sante et mieux-etre au travail;Arts et sciences;Relations industrielles
Relations publiques;Education permanente;
Sante communautaire;Education permanente;Faculte de medecine,Faculte des sciences infirmieres
Sante communautaire;Ecole de sante publique;Medecine sociale et preventive
Sante communautaire;Ecole de sante publique;Medecine sociale et preventive
Sante environnementale et sante au travail;Ecole de sante publique;Sante env. et sante au travail
Sante environnementale et sante au travail;Ecole de sante publique;Sante env. et sante au travail
Sante environnementale mondiale;Ecole de sante publique;Sante env. et sante au travail
Sante et securite du travail;Education permanente;
Sante et securite du travail;Arts et sciences;Relations industrielles
Sante mentale;Medecine;Psychiatrie et addictologie
Sante mentale : fondements et pratiques d intervention;Education permanente;Faculte des arts et des sciences
Sante mondiale;Ecole de sante publique;Medecine sociale et preventive
Sante numerique;Ecole de sante publique;Gestion /eval./pol. de sante
Sante numerique;Ecole de sante publique;
Sante publique;Education permanente;Ecole de sante publique,Faculte des sciences infirmieres
Sante publique;Ecole de sante publique;
Sante publique;Ecole de sante publique;Direction (Sante publique)
Sante publique;Ecole de sante publique;Medecine sociale et preventive
Sante publique;Ecole de sante publique;Medecine sociale et preventive
Sante publique;Ecole de sante publique;Ecole de sante publique
Sante publique;Ecole de sante publique;Medecine sociale et preventive,Gestion /eval./pol. de sante,Sante env. et sante au travail
Sante publique environnementale et securite du travail;Ecole de sante publique;
Sante publique et mondialisation;Ecole de sante publique;
Sante publique pour cadres et professionnels en exercice;Ecole de sante publique;Medecine sociale et preventive
Science politique;Arts et sciences;Science politique
Science politique;Arts et sciences;Science politique
Science politique;Arts et sciences;Science politique
Science politique;Arts et sciences;Science politique
Science politique;Arts et sciences;Science politique
Science politique et Philosophie;Arts et sciences;Philosophie
Sciences biomedicales;Medecine;Pharmacologie et physiologie
Sciences biomedicales;Medecine;Programmes de cycles superieurs en sciences biomedicales
Sciences biomedicales;Medecine;Programmes de cycles superieurs en sciences biomedicales
Sciences biopharmaceutiques;Pharmacie;
Sciences cognitives;Arts et sciences;Linguistique et traduction
Sciences de l education;Sciences de l education;
Sciences de l education;Sciences de l education;
Sciences de l education;Sciences de l education;
Sciences de l information (archivistique et bibliotheconomie);Arts et sciences;Bibliotheconomie
Sciences de l information (archivistique et bibliotheconomie);Arts et sciences;Bibliotheconomie
Sciences de l information - Recherche;Arts et sciences;Bibliotheconomie
Sciences de l’orthophonie et de l’audiologie;Medecine;Orthophonie et audiologie
Sciences de l’orthophonie et de l’audiologie;Medecine;Orthophonie et audiologie
Sciences de la population;Arts et sciences;
Sciences de la readaptation;Medecine;Readaptation
Sciences de la readaptation;Medecine;Readaptation
Sciences des donnees;Arts et sciences;Informatique et rech. oper.,Mathematiques et statistique
Sciences des religions;Arts et sciences;Institut d etudes religieuses
Sciences des religions;Arts et sciences;Institut d etudes religieuses
Sciences des religions;Arts et sciences;Institut d etudes religieuses
Sciences humaines appliquees;Arts et sciences;
Sciences humaines et sociales;Arts et sciences;
Sciences infirmieres;Sciences infirmieres;
Sciences infirmieres;Sciences infirmieres;
Sciences infirmieres;Sciences infirmieres;
Sciences infirmieres (DEC-bac) - Campus Laval;Sciences infirmieres;
Sciences infirmieres (DEC-bac) - Campus Montreal;Sciences infirmieres;
Sciences infirmieres - Developpement des pratiques infirmieres;Sciences infirmieres;
Sciences infirmieres - Evaluation sante et interventions;Sciences infirmieres;
Sciences infirmieres - Formation initiale - Campus Laval;Sciences infirmieres;
Sciences infirmieres - Formation initiale - Campus Montreal;Sciences infirmieres;
Sciences infirmieres - Leadership et  gestion des services infirmiers;Sciences infirmieres;
Sciences infirmieres - Pratique avancee;Sciences infirmieres;
Sciences infirmieres - Pratique avancee;Sciences infirmieres;
Sciences infirmieres - Prevention et controle des infections;Sciences infirmieres;
Sciences infirmieres - Prevention et controle des infections;Sciences infirmieres;
Sciences infirmieres - Soins palliatifs et de fin de vie;Sciences infirmieres;
Sciences infirmieres - Soins palliatifs et de fin de vie;Sciences infirmieres;Faculte des sciences infirmieres
Sciences infirmieres : Pratique infirmiere 1;Sciences infirmieres;
Sciences infirmieres : Pratique infirmiere 2;Sciences infirmieres;
Sciences infirmieres : Profession et sante;Sciences infirmieres;
Sciences infirmieres : Soins d urgence;Sciences infirmieres;
Sciences naturelles et formelles;Arts et sciences;
Sciences neurologiques;Medecine;Neurosciences
Sciences neurologiques;Medecine;Neurosciences
Sciences pharmaceutiques;Pharmacie;
Sciences pharmaceutiques;Pharmacie;
Sciences pharmaceutiques, option medicament et sante des populations;Pharmacie;
Sciences religieuses;Arts et sciences;Institut d etudes religieuses
Securite du travail et sante publique;Ecole de sante publique;
Securite et etudes policieres;Arts et sciences;Criminologie
Securite interieure;Arts et sciences;Criminologie
Securite interieure;Arts et sciences;Criminologie
Securite interieure;Arts et sciences;Criminologie
Service social;Arts et sciences;Ecole de travail social
Service social;Arts et sciences;Ecole de travail social
Service social;Arts et sciences;Ecole de travail social
Service social - Campus Laval;Arts et sciences;Ecole de travail social
Sexualite : enjeux de societe et pratiques d intervention;Education permanente;
Societe, politiques publiques et sante;Arts et sciences;
Societe, politiques publiques et sante;Arts et sciences;
Sociologie;Arts et sciences;Sociologie
Sociologie;Arts et sciences;Sociologie
Sociologie;Arts et sciences;Sociologie
Sociologie;Arts et sciences;Sociologie
Sociologie;Arts et sciences;Sociologie
Soins palliatifs et de fin de vie;Education permanente;
Soins pharmaceutiques;Pharmacie;
Soins prehospitaliers d’urgence avances;Medecine;Medecine de famille/d urgence
Soutien a la transition scolaire des eleves ayant des besoins particuliers;Sciences de l education;Psychopedagogie et andragogie
Spiritualite et sante;Arts et sciences;Institut d etudes religieuses
Statistique;Arts et sciences;Mathematiques et statistique
Statistique;Arts et sciences;Mathematiques et statistique
Statistiques sociales;Arts et sciences;Sociologie
Synthese et architectures moleculaires;Arts et sciences;Chimie
Technologie et innocuite des aliments;Medecine veterinaire;Pathologie et microbiologie
Theologie;Arts et sciences;Institut d etudes religieuses
Theologie;Arts et sciences;Institut d etudes religieuses
Theologie;Arts et sciences;Institut d etudes religieuses
Theologie;Arts et sciences;Institut d etudes religieuses
Theologie;Arts et sciences;Institut d etudes religieuses
Theologie;Arts et sciences;Institut d etudes religieuses
Theologie - Etudes bibliques;Arts et sciences;Institut d etudes religieuses
Theologie pratique;Arts et sciences;Institut d etudes religieuses
Theologie pratique;Arts et sciences;Institut d etudes religieuses
Toxicologie et analyse du risque;Ecole de sante publique;Sante env. et sante au travail
Toxicomanies : prevention et readaptation;Education permanente;
Traduction;Arts et sciences;Linguistique et traduction
Traduction;Arts et sciences;Linguistique et traduction
Traduction;Arts et sciences;Linguistique et traduction
Traduction;Arts et sciences;Linguistique et traduction
Traduction;Arts et sciences;Linguistique et traduction
Traduction 1;Education permanente;
Traduction 2;Education permanente;
Traduction troisieme langue;Arts et sciences;Litteratures/langues du monde
Travail social;Arts et sciences;Ecole de travail social
Travail social - Campus Laval;Arts et sciences;Ecole de travail social
Travail social - Campus Montreal;Arts et sciences;Ecole de travail social
Travail social - Campus Montreal;Arts et sciences;Ecole de travail social
Travail social - Campus Montreal;Arts et sciences;Ecole de travail social
Urbanisme;Amenagement;Urbanisme
Urbanisme;Amenagement;Urbanisme
Urbanisme;Amenagement;Urbanisme
Urbanisme;Amenagement;Urbanisme
Victimologie;Education permanente;
Virologie et immunologie ;Medecine;Microbio. infectio. et immuno.
